INSERT INTO product (name, description, url_image, quantity, price, date, active, user_id)
VALUES
  ('Apple iPhone SE', 'Fully functional, excellent cosmetic condition and set to factory defaults.  As these are pre-owned, these units may or may not have very minor and for the most part insignificant scratches from previous use.  Very beautiful units!  Unlocked.', 'https://i5.walmartimages.com/asr/5a1e26fa-612a-45c8-806d-20b1adb4dd4f_1.4be750614219271be62b565e0c76f873.jpeg?odnHeight=2000&odnWidth=2000&odnBg=FFFFFF', 1000, 155, '2022-11-15 09:39:49.866+13', true, 2),
  ('Apple iPhone 11', 'This product is in good cosmetic condition, there will be signs of wear which may include scratches, visible scuffs or screen discoloration but nothing that will impair functionality. Battery health will be a minimum of 80 percent. The item has been fully tested, restored to factory settings and is in excellent working order.', 'https://i.ebayimg.com/images/g/dJEAAOSwJfthDS3V/s-l1600.jpg', 1000, 830, '2022-11-15 09:39:49.866+13', true, 2),
  ('Fender Stratocaster', 'A brand-new, unused, unopened, undamaged item in its original packaging (where packaging is applicable). Packaging should be the same as what is found in a retail store, unless the item is handmade or was packaged by the manufacturer in non-retail packaging, such as an unprinted box or plastic bag.', 'https://i.ebayimg.com/images/g/0RIAAOSwyM1hXMh~/s-l1600.jpg', 1000, 744, '2022-11-15 09:39:49.866+13', true, 2),
  ('Table Set', 'The cozy, classic feel of a traditional village tavern inspired this 5-piece pub set. A design investment, it’s constructed with durable wood and features a rich brown finish for timeless versatility.', 'https://m.media-amazon.com/images/I/91oPfLoJjGL._AC_SL1500_.jpg', 1000, 150, '2022-11-15 09:39:49.866+13', true, 2),
  ('Samsung 32-Inch QLED', 'Enjoy ultra-intense 4K vivid color and sharpened clarity with the Q60A/Q60AB. It combines Quantum Dot Technology with the power of 100 percent Color Volume¹ to deliver a billion of shades for colorful, razor-sharp visuals. The ultra-smart Quantum Processor 4K Lite automatically upscales and transforms your content into 4K. Dual LED² backlighting adjusts and coordinates with content in real time to enhance contrast and detail. Plus, with the rechargeable SolarCellRemote, you can easily access and control Smart TV and all your connected devices. ¹QLED televisions can produce 100 percent Color Volume in the DCI-P3 color space, the format for most cinema screens and HDR movies for television. ²32" Dual LED not available.', 'https://m.media-amazon.com/images/I/71G6eW8H8hL._AC_SL1500_.jpg', 1000, 447, '2022-11-15 09:39:49.866+13', true, 2),
  ('6-Speed Mixer', 'Whip up an airy meringue or decadent cake with the Hamilton Beach hand mixer. This versatile mixer is your go-to appliance for mixing, whisking, and folding with 250W of peak power. A built-in bowl rest makes it easier to set the mixer down when adding ingredients. The mixer has six speeds, including quick burst functions for additional power at any speed. The Hamilton Beach hand mixer is not just about performance, it’s also designed for easy storage. A convenient snap-on case keeps attachments together, so you don"t have to search for them each time you need them. Includes traditional beaters and whisk.', 'https://media.istockphoto.com/id/532558882/photo/red-kitchen-mixer.jpg?s=612x612&w=0&k=20&c=AMZqDyoJMXXZ_F4zERvvWwyVAKaSZ_um4-2RRPZCN5c=', 1000, 100, '2022-11-15 09:39:49.866+13', true, 2),
  ('Car Seat', 'Safely ride rear-facing longer! The Graco Extend2Fit Convertible Car Seat grows with your child from rear-facing harness (4-50 lbs) to forward-facing harness (22-65 lbs). It features a 4-position extension panel that provides up to 5” of extra rear-facing legroom, allowing your child to safely ride rear-facing longer. Children are safer riding rear-facing and should ride rear-facing as long as possible, until they reach the maximum rear-facing height or weight rating for their car seat. With Extend2Fit, the adjustable extension panel and 50 lbs rear-facing weight limit allow the seat to grow with your child in rear-facing mode, providing extended rear-facing use. The seat features the No-Rethread Simply Safe Adjust Harness System, which allows you to adjust the height of the headrest and harness in one motion, and InRight LATCH for a one-second LATCH attachment. Harnessing is made easier with fuss-free harness storage pockets that conveniently hold the harness out of the way while you get baby in and out of the car seat. This car seat is Graco ProtectPlus Engineered to help protect in frontal, side, rear, and rollover crashes.', 'https://m.media-amazon.com/images/I/71wNWtNb0sL._SL1500_.jpg', 1000, 300, '2022-11-15 09:39:49.866+13', true, 2),
  ('Citizen BL5550', 'New item in original open box. Water-Resistant, Mineral Crystal, Luminous Hands, Date Indicator, Alarm, Perpetual Calendar, 12-Hour Dial, Chronograph', 'https://i.ebayimg.com/images/g/sH4AAOSwp1tjlXR3/s-l1600.jpg', 1000, 300, '2022-11-15 09:39:49.866+13', true, 2),
  ('Gold coins', 'This auction is for 3 Canadian Maple Leaf 1oz gold coins. The coins are in brand new condition.', 'https://trademe.tmcdn.co.nz/photoserver/plus/1769056627.jpg', 1000, 9980, '2022-11-15 09:39:49.866+13', true, 2),
  ('Leather reclining seat', 'Beautiful patch-work leather reclining antique chair.', 'https://trademe.tmcdn.co.nz/photoserver/plus/1840813256.jpg', 1000, 1000, '2022-11-15 09:39:49.866+13', true, 2),
  ('Solid Oak Dressing Table', 'Solid oak duchess in good condition but does need a little bit of TLC.', 'https://trademe.tmcdn.co.nz/photoserver/plus/1882777200.jpg', 1000, 1000, '2022-11-15 09:39:49.866+13', true, 2),
  ('Oak Sideboard Buffet', 'Exceptionaly beautiful antique Edwardian Sideboard Buffet.', 'https://trademe.tmcdn.co.nz/photoserver/plus/1878289222.jpg', 1000, 1000, '2022-11-15 09:39:49.866+13', true, 2),
  ('Crown Lynn Swans', '5 x Baby Swans (Crown Lynn) and 1 Mother swan (FREE) ', 'https://trademe.tmcdn.co.nz/photoserver/plus/1757093723.jpg', 1000, 1000, '2022-11-15 09:39:49.866+13', true, 2),
  ('Mountain Buggy Terrain', 'Mountain Buggy Terrain (2019) - Onyx, including both the large and smaller (unused) wheels.', 'https://trademe.tmcdn.co.nz/photoserver/plus/1896741077.jpg', 1000, 1000, '2022-11-15 09:39:49.866+13', true, 2),
  ('HP Laptop 15.6" FHD', 'A brand-new, unused, unopened, undamaged item in its original packaging (where packaging is applicable).', 'https://i.ebayimg.com/images/g/RE0AAOSwDbljmTib/s-l1600.jpg', 1000, 1000, '2022-11-15 09:39:49.866+13', true, 2),
  ('Snoopy Ski sweatshirt', 'Vintage Peanuts Snoopy Ski sweatshirt Heather Gray Sz S-M.', 'https://i.ebayimg.com/images/g/PMcAAOSwCmhjtOw6/s-l1600.jpg', 1000, 1000, '2022-11-15 09:39:49.866+13', true, 2),
  ('Long Dress', 'A brand-new, unused, and unworn item (including handmade items) in the original packaging (such as the original box or bag) and/or with the original tags attached.', 'https://i.ebayimg.com/images/g/yYQAAOSwlpdjdUE7/s-l1600.jpg', 1000, 1000, '2022-11-15 09:39:49.866+13', true, 2),
  ('Inflatable Pool', 'A brand-new, unused, unopened, undamaged item in its original packaging (where packaging is applicable).', 'https://i.ebayimg.com/images/g/k~QAAOSwgkBi4Oq4/s-l1600.jpg', 1000, 1000, '2022-11-15 09:39:49.866+13', true, 2);


INSERT INTO category (name, image_url)
VALUES
	('Antiques & Collectables', 'https://www.liveabout.com/thmb/9y6Mh-GXPTBA3PNpfdvURKPEzHs=/1500x0/filters:no_upscale():max_bytes(150000):strip_icc()/old-clocks-670829828-5aea5f5aff1b780036cb9cce.jpg'),
  ('Baby Gear', 'https://media.istockphoto.com/id/625379326/photo/organic-cosmetic-children-for-bath-on-wooden-bakground-close-up.jpg?b=1&s=170667a&w=0&k=20&c=Zsrhv2BInxdUvtgXg8PFo6ZxRbc5GZd5A4G-8F_3zfk='),
  ('Books', 'https://images.pexels.com/photos/1148399/pexels-photo-1148399.jpeg?auto=compress&cs=tinysrgb&w=1260&h=750&dpr=1'),
  ('Building & Renovation', 'https://cdn.technologyadvice.com/wp-content/uploads/2017/08/Fotolia_98303431_Subscription_Monthly_M-699x408.jpg'),
  ('Business, farming & industry', 'https://portalmaquinasagricolas.com.br/wp-content/uploads/2020/08/embrapa_2.jpg'),
  ('Clothing & Fashion', 'https://img.freepik.com/free-photo/interior-kids-room-decoration-with-clothes_23-2149096035.jpg?w=2000'),
  ('Computers', 'https://consumer.huawei.com/content/dam/huawei-cbg-site/south-pacific/my/mkt/plp/laptops/matebook-x-series/matebook-x-pro-2022.jpg'),
  ('Electronics & photography', 'https://birdsofpreycentre.co.uk/wp-content/uploads/2016/03/Photography-Camera-HD-Wallpaper1-640x400.jpg'),
  ('Gaming', 'https://img.freepik.com/free-psd/vr-video-game-composition_1419-2358.jpg?w=826&t=st=1672867935~exp=1672868535~hmac=2b69d5c3cefba40c3424e608de94ae00cc231e8bdc6809b7bf2d6abdd919dca7'),
  ('Health & Beauty', 'https://encrypted-tbn0.gstatic.com/images?q=tbn:ANd9GcTq-_ht8S5hXPARTRMUmsVNqgkvlBiOP2rdPA&usqp=CAU'),
  ('Home & living', 'https://houseandhome.com/wp-content/uploads/2020/12/feature-LivingRoom-091_TREES_HH_AP20_40.jpg'),
  ('Jewllery & watches', 'https://encrypted-tbn0.gstatic.com/images?q=tbn:ANd9GcQ_my02nMpJOwWj3lhjf6C7S4oqS5MwLYo71v_xi_NK24n7JqnPgQc2loGn5Pzr8T705qg&usqp=CAU'),
  ('Mobile phones', 'https://news.bizleadershub.com/wp-content/uploads/2021/11/mobile-1.jpg'),
  ('Music & instruments', 'https://images.pexels.com/photos/34221/violin-musical-instrument-music-sound.jpg?auto=compress&cs=tinysrgb&w=1600'),
  ('Pets & animals', 'https://encrypted-tbn0.gstatic.com/images?q=tbn:ANd9GcTZHdk5h_DhcIblaYyvQJBt8kbJZ2DZgCAB85-aaSkr0Ii4boj_LTwBoKQT2RFgrXRGCUo&usqp=CAU'),
  ('Sports', 'https://encrypted-tbn0.gstatic.com/images?q=tbn:ANd9GcTnxZettb4XPz6a3LkBRpCZviIOFrlJ9n80K4CQT04jcH2k32cuo7s-qgyBi3YZZt9gHkM&usqp=CAU'),
  ('Toys & models', 'https://encrypted-tbn0.gstatic.com/images?q=tbn:ANd9GcQQDK9D_IwrlRYFSGgJz9zjbnq05h27EdsXVA&usqp=CAU');

INSERT INTO products_categories (product_name, category_name)
VALUES
  ('Apple iPhone SE', 'Mobile phones'),
  ('Apple iPhone 11', 'Mobile phones'),
  ('Fender Stratocaster', 'Music & instruments'),
  ('Table Set', 'Home & living'),
  ('Samsung 32-Inch QLED', 'Electronics & photography'),
  ('6-Speed Mixer', 'Home & living'),
  ('Car Seat', 'Baby Gear'),
  ('Citizen BL5550', 'Jewllery & watches');
